R1;G1;B1;R2;G2;B2;media;theme;school;timeframe;title
0.3418830698600283;0.3012119619511643;0.30077124482095074;0.6080184817172204;0.45891387479371065;0.3897824207719782;painting;mythological;German;1601-1650;Allegory
0.6949299522418733;0.5021336530196442;0.39362359714794415;0.2235773349329372;0.17410954464790052;0.174022877904276;painting;mythological;German;1601-1650;Bacchus, Ceres and Cupid
0.15184337933553074;0.1214693579168688;0.11414918890386497;0.630010616727284;0.4653041243968334;0.34795218636401254;painting;genre;German;1601-1650;Joking Couple
0.11347140556471558;0.08671098194399404;0.09967948389580447;0.6100447870874002;0.4445619192171346;0.30705341185893203;painting;portrait;German;1601-1650;Portrait of Emperor Rudolf II
0.16594392961994212;0.14485974154747464;0.10547606288264988;0.4555853104084861;0.2708084642141306;0.1191548307034713;painting;portrait;German;1601-1650;Self-Portrait with a Glass of Wine
0.32880437731824697;0.29313050835874976;0.24376980684279653;0.4744824751542083;0.4320447656233151;0.2550802100489841;painting;landscape;Danish;1851-1900;Deer beside a Lake
0.25102668181159565;0.26973116645252293;0.19743771734329413;0.33747740505546003;0.3898303780683877;0.20139368639720562;painting;landscape;Danish;1851-1900;The Rose Garden
0.5980311700022402;0.2704977892386312;0.19351895450539006;0.45344774722779596;0.3519439779682024;0.28565705530412633;painting;religious;Spanish;1451-1500;The Archangel Michael
0.3014361884678922;0.2968355575600926;0.3660314002959296;0.6478217467318751;0.5035428409285541;0.21243180784290333;ceramics;other;French;1501-1550;Albarello
0.5936873190592514;0.5630519902234611;0.5810968166024401;0.8091091736233827;0.687751325966048;0.47826369417464093;ceramics;other;French;1501-1550;Ceramic Floor
0.37415642058456355;0.31247457398818274;0.24388550811597443;0.5650818523369494;0.4584372561283013;0.2877431033739766;ceramics;other;French;1501-1550;Ceramic Floor
0.6407263318371582;0.49969513416458405;0.2739702195133462;0.4872327927551588;0.439428019558949;0.43637376773965536;ceramics;religious;French;1501-1550;The Flood
0.18070079990027263;0.14610138851679927;0.15349999387822957;0.5627817959004346;0.4500470948690029;0.2863328961944408;painting;other;Italian;1501-1550;Chimney breast
0.21665664481123253;0.17504698630108845;0.16527654722792204;0.5411004404568537;0.4745792165075576;0.3368548715296636;sculpture;other;Italian;1501-1550;Chimney breast
0.2649179901465906;0.18891084058791813;0.1585444737263259;0.6415988608189578;0.5172569297123544;0.402333178942728;painting;landscape;Italian;1501-1550;Stag Hunt
0.536227886899921;0.4278023679738121;0.31911695554569314;0.5239802526358196;0.5144966958959487;0.4977497658343926;painting;mythological;Italian;1501-1550;Orpheus and Eurydice
0.17153823111467262;0.19765346102968728;0.174377321357114;0.3712626878692183;0.2960725928361456;0.2118083126826753;painting;mythological;Italian;1501-1550;The Rape of Proserpine
0.6077787555754339;0.4457245003274121;0.33474107480313103;0.14534944998895435;0.1451102239153716;0.13575152174990893;painting;mythological;Italian;1501-1550;The Continence of Scipio
0.3225611567888298;0.16345812243853405;0.13164915208368366;0.7025475082633504;0.48561446330635855;0.2785183950161297;painting;landscape;Italian;1851-1900;Landscape at Castiglioncello
0.27805866706585275;0.2980955690544055;0.2703790221317042;0.7453116931744966;0.5999282032537497;0.32745059442887486;painting;landscape;Italian;1851-1900;Country Road with Cypresses
0.06078983217319029;0.06605486244795505;0.0626492931591868;0.47172119489851344;0.3608556592597287;0.2740408243100032;painting;landscape;Italian;1851-1900;Cloister
0.15661869868822137;0.13002454875724626;0.1252259860179881;0.47953391003823415;0.35079079965865034;0.2510825800437464;painting;portrait;Italian;1851-1900;Portrait of a Woman
0.23396358206490442;0.23113396270212772;0.21086024489204674;0.42693660656112936;0.3513436799963695;0.2505885934899932;painting;religious;Italian;1601-1650;Gian Lorenzo Bernini's Cornaro Chapel
0.5941168295141893;0.5692699984747025;0.5013469803187471;0.5563708773909433;0.5810418818936254;0.5782424227440401;sculpture;historical;Dutch;1601-1650;Medal commemorating Charles II embarkation at Scheveningen
0.9654132486661297;0.9616247369243497;0.9595482970915715;0.5530939707756828;0.5130117511776822;0.4604582780987934;sculpture;historical;Dutch;1601-1650;Commemorative Medal for Admiral Maarten Harpertszoon Tromp
0.5383151520761527;0.5177324313618614;0.5205873476667787;0.45253833313608777;0.3981949813172529;0.37037057589237765;sculpture;historical;Dutch;1601-1650;William III, Prince of Orange, at the Age of Four
0.3170366169844558;0.2674117631518245;0.20503206629508042;0.4568198635762302;0.4570377970707375;0.446093650437516;painting;mythological;Danish;1751-1800;The Midwife Taking Leave of the Girl from Andros
0.5798962183842137;0.5057881878621266;0.4135107043048814;0.3214880862037513;0.28608577421181497;0.26836251908170927;painting;mythological;Danish;1751-1800;Simo and his Former Slave Sosia
0.6983683684263404;0.5442486042866911;0.28592674715705035;0.260345152579265;0.20306409458740227;0.12589355929320162;painting;other;Danish;1751-1800;Culmin's Ghost Appears to his Mother
0.1559706346553731;0.1268095330647699;0.09579786350831485;0.4935493725531082;0.3350390468893543;0.21655084150194626;painting;mythological;Danish;1751-1800;The Wounded Philoctetes
0.6956597001602572;0.6183583062798212;0.5747300208357244;0.6024973410700297;0.5173631604287013;0.42737657097964726;graphics;religious;Danish;1751-1800;Adam and Eve
0.4970827739911908;0.4028242077003401;0.31209148562817846;0.47672964590227357;0.4507446042841216;0.4549554591840667;sculpture;portrait;Italian;1551-1600;Medallion Portrait of Emperor Maximilian II
0.7917630090105245;0.7883517323633608;0.7884665967531919;0.5271108013896967;0.4472315468984895;0.3591868795895411;architecture;other;Spanish;1701-1750;Exterior view
0.3349801393450338;0.3053827690197418;0.26416067350211114;0.7855925125617956;0.8757682346007734;0.9439474128410019;architecture;other;Spanish;1701-1750;Exterior view
0.15627333028728096;0.11208820200684036;0.10739331561302168;0.35910330419648506;0.3739478794714685;0.4537155097640317;painting;landscape;German;1851-1900;Fireworks in Naples
0.4957191847984657;0.4201547384903594;0.28285064807663574;0.5549654700491222;0.525076427130068;0.49728852559039655;painting;historical;German;1801-1850;Battle of Moscow on 7 September 1812
0.47238613197658447;0.4099641094134472;0.30331405225288033;0.6324090572792515;0.6304122128734508;0.6853487061575991;painting;genre;German;1801-1850;The Return from the Hunt
0.0;0.35957904401224927;0.006361558727801659;2.9405367030221895e-13;0.8753147955744605;3.890832100950092e-14;sculpture;other;French;1701-1750;Child Pinched by a Lobster
0.0;0.2509954651947904;0.012655446370661263;0.0;0.669227102783419;3.5860203695392556e-16;sculpture;mythological;French;1701-1750;Neptune and Amphitrite
0.00031271083025098955;0.1887035700985776;0.0049843558587617035;0.0;0.6362558763702713;0.0;sculpture;mythological;French;1701-1750;Neptune Calming the Waves
0.0;0.3122067323392563;0.008214544757182867;0.0;0.6198404633426586;5.737632591262809e-15;graphics;portrait;French;1701-1750;Self-portrait
1.0758061108617768e-14;0.6724719426095193;3.4963698603007742e-15;0.0;0.24461878740787196;0.009588448835504073;sculpture;other;French;1701-1750;Head of 'Water'
0.0;0.5485087669775114;3.22741833258533e-15;0.0009283365273773523;0.24737032606809556;0.00965366458624886;sculpture;religious;French;1701-1750;The Martyrdom of Sainte Victoire
0.0;0.6027153462612445;1.1295964164048656e-14;0.0015830972413940331;0.2655736009976256;0.013779666260569217;sculpture;religious;French;1701-1750;Monument to Queen Catharina Opalinska
0.0;0.3352004467123041;0.007964747203098579;0.0;0.7431928254812976;0.0;sculpture;religious;French;1701-1750;Monument to Queen Catharina Opalinska (detail)
0.30699602664865905;0.2781954535119014;0.2573495482325923;0.42076213543165175;0.34421756876366966;0.29112696212260886;sculpture;mythological;French;1701-1750;Prometheus
2.4886981364602435e-12;0.9156983255951721;0.0;0.0;0.3174001788304585;0.015565360454367662;sculpture;mythological;French;1701-1750;Prometheus
0.7476694458732255;0.7595285750335281;0.7661007576900077;0.606463132993515;0.557260159264458;0.4682865120767183;sculpture;mythological;French;1701-1750;Monumental vase on the theme of autumn
0.6477039507680673;0.620859786391424;0.5517572223822219;0.5757468288480256;0.5360994746533582;0.4394080068364704;sculpture;mythological;French;1701-1750;Monumental vase on the theme of autumn (detail)
0.30165531115586797;0.29314870663681264;0.2754536785473305;0.6812602000670044;0.6247095698733112;0.5452826547892248;sculpture;mythological;French;1701-1750;Monumental vase on the theme of autumn (detail)
0.6479991600978758;0.7308006908288618;0.8736648954149797;0.45198115819357115;0.43921391897836826;0.37066409373121484;architecture;other;Scottish;1751-1800;Exterior view
0.5645611594594692;0.3393976498084696;0.19910173271464843;0.5578225924028283;0.5219589171436557;0.4572619174295413;architecture;interior;Scottish;1751-1800;Library
0.33222164813972643;0.3351006531317206;0.30585120188861215;0.6231513323411668;0.5293184743731744;0.32587054017875317;architecture;interior;Scottish;1751-1800;Stairwell
0.25992944642998816;0.27919681735740576;0.2629915936831688;0.4076709719785906;0.3502841881823759;0.2575980374243625;architecture;interior;Scottish;1751-1800;Cupola of the stairwell
0.6020717286423135;0.43159195855328175;0.2132643839971068;0.5629801294737334;0.5025342429005499;0.4278486604237149;architecture;interior;Scottish;1751-1800;Music Room
0.5756737858017945;0.3617464288787229;0.16416397454820164;0.4023314677510456;0.3340825476579893;0.3110451394354162;architecture;interior;Scottish;1751-1800;Interior view
0.19874583058486006;0.17092931665425376;0.15815017614594157;0.5174150976094363;0.34263143322630946;0.1377007439021381;architecture;interior;Scottish;1751-1800;Interior view
0.24798098589213358;0.13980683131927515;0.15527188146419613;0.5469730094678255;0.2510431582088798;0.0962091644737012;architecture;interior;Scottish;1751-1800;Interior view
0.5028499124153972;0.3121734751552743;0.18675800455859412;0.5728726436454591;0.5389895591407612;0.5517963667172366;architecture;interior;Scottish;1751-1800;Interior view
0.6619018285114215;0.7283074436734128;0.7650213084448996;0.4372368116979801;0.4292130672440185;0.381525950430404;architecture;interior;Scottish;1751-1800;Interior view
0.5427367007786957;0.4374180194901294;0.2775478464879494;0.484182657814857;0.5150337832061797;0.47023132583983324;architecture;interior;Scottish;1751-1800;Interior view
0.4156317399817174;0.3640538904350007;0.2948876653629807;0.36661945044066624;0.5524551860549245;0.842542453335826;architecture;other;Scottish;1751-1800;Gateway
0.9492823572097241;0.9385756872247729;0.9341436845249372;0.6248723816557825;0.5681619733577479;0.5143870162472621;sculpture;portrait;French;1851-1900;Bust of Isaac Péreire
0.43251941794421833;0.6455255781396697;0.8852240574326711;0.3864267152554112;0.36200446080820187;0.2901440321014341;architecture;other;Swedish;1751-1800;Exterior view
0.5744023875851982;0.45118628471327765;0.28719374866515357;0.2375540429477318;0.3448279585497034;0.43729506743472624;architecture;interior;Swedish;1751-1800;Interior view
0.5303131704070592;0.483865892160739;0.4303354659127759;0.5354666123493206;0.5529185378116188;0.5975535602450601;painting;religious;Italian;1801-1850;View of the Room of the Ark
0.5966344492403297;0.46583317619045245;0.3304401824319867;0.4728727710489639;0.4122913603536819;0.37262599472268115;painting;interior;Italian;1801-1850;View of the Room of the Ark
0.6170777347815763;0.3449016558116287;0.24763329280053914;0.47381391458620076;0.39490873445466435;0.3583588570290459;painting;religious;Italian;1801-1850;The Menorah
0.5970720362138336;0.5375352081219871;0.5364956599935076;0.5860784784300781;0.4255050905299044;0.2762264794632782;painting;religious;Italian;1801-1850;Transportation of the Ark of the Covenant Containing the Tablets of the Law
0.29005830947711625;0.25213871448418534;0.23309367505439116;0.5524815874446407;0.4063757495881882;0.2720450203220886;painting;interior;Italian;1801-1850;View of the Palatine Chapel
0.5619544161976707;0.42341743715113106;0.2955748398116058;0.40138312051856345;0.33277470756184246;0.2699621666362816;painting;historical;Italian;1801-1850;Episodes in Roman History
0.32508574439703614;0.27812586738319117;0.26349522086276617;0.43082929038668477;0.3462807757729513;0.2622408419214332;painting;historical;Italian;1801-1850;Episodes in Roman History
0.44021753727397595;0.4048333317759156;0.4051186660398599;0.5182228835452983;0.43657498431605907;0.36972029587637945;painting;historical;Italian;1801-1850;Episodes in Roman History
0.6878300156805722;0.7082889556930463;0.7471684414242624;0.5601496647197121;0.541421680372617;0.44863566752403466;painting;historical;Italian;1801-1850;Fresco decoration (detail)
0.4654320746676687;0.44902705501028634;0.4318627454127984;0.3863973858128879;0.5005788201776353;0.7188193817459487;painting;historical;Italian;1801-1850;Fresco decoration (detail)
0.7100029589567491;0.7266482399579225;0.7860848235534211;0.44419748028254574;0.4185441672487722;0.4057385549400751;painting;historical;Italian;1801-1850;Fresco decoration (detail)
0.15421849046506642;0.12194439074936747;0.0907697123575231;0.38851136637007966;0.2794862416822093;0.11535349864473565;painting;portrait;German;1651-1700;Self-Portrait
0.9235242587240584;0.9144295808929139;0.9069959371678223;0.7292945961127376;0.6886026548065111;0.6426293395115661;sculpture;historical;Dutch;1651-1700;Commemorative Medal for Admiral Michiel Adriaensz. de Ruyter
0.42117921348057685;0.3375846940917596;0.19799745107947042;0.22711379961442468;0.19169313453315143;0.14838714853664148;painting;still-life;Flemish;1601-1650;Fish and Dead Game
0.5651027719078446;0.32256464162672677;0.16670095820598607;0.21911040594890185;0.22979605084574695;0.19700159042831594;painting;still-life;Flemish;1601-1650;Still-Life with Fish
0.25589130703802226;0.2431510956414994;0.22790199990886578;0.7789802804759661;0.3650196283913653;0.3256743010692295;painting;still-life;Flemish;1601-1650;Still-Life with Flowers in a Glass Vase
0.17505455322390745;0.15970248714370025;0.10748934602406984;0.38394080014250914;0.2566340464667929;0.14906704080243216;painting;still-life;Flemish;1601-1650;Still-Life
0.1507326937408248;0.1433522452936791;0.10419034030173963;0.6206176322357781;0.48003007684131777;0.3194037393003119;painting;still-life;Flemish;1601-1650;Still-Life with Oysters
0.2568408084617311;0.1896954343327803;0.18666886650768544;0.607897060471331;0.5841558849647127;0.6279480276466245;sculpture;portrait;Italian;1451-1500;Elector Frederick III of Saxony, Called Frederick the Wise
0.7679311405670816;0.7572072509044024;0.75652921996652;0.40060892348290483;0.36409118694627435;0.3337498377018602;sculpture;portrait;Italian;1451-1500;Medal of Ferdinand II
0.6614332474486968;0.6488392155663384;0.6695445627670423;0.3031749584673203;0.26406576167387896;0.23800289640135497;sculpture;portrait;Italian;1451-1500;Giovanni Gioviano Pontano
0.5466042020034372;0.5037375123362323;0.48584028834164344;0.7967778644905673;0.7896349968481955;0.7897504100005743;sculpture;portrait;Italian;1451-1500;Giovanni Gioviano Pontano
0.3309701422663898;0.23659761196354212;0.1863030933010068;0.6297878618647668;0.5978346662502483;0.5958011342574678;sculpture;portrait;Italian;1451-1500;Giovanni Gioviano Pontano
0.5427170351468101;0.5355944676044402;0.543489572316971;0.27151403448002165;0.24279387372035477;0.25952761684775644;sculpture;mythological;Italian;1451-1500;Venus
0.07549340643934035;0.07047790187738451;0.06799980756573132;0.6428327847210261;0.45214815946994696;0.2594691480495109;painting;still-life;Dutch;1651-1700;Breakfast Piece
0.5500542214769262;0.4135203680978664;0.32712766110152314;0.19207997681061476;0.14539091376873353;0.14590945198132702;painting;still-life;Dutch;1651-1700;Still-Life with Hunting Equipment and Dead Birds
0.35532217515057385;0.28079616966963633;0.28375926249930883;0.5847345096001625;0.4007472796436511;0.3224701573565151;painting;still-life;Dutch;1651-1700;Hunting Still-Life
0.436238142122161;0.3741610393607686;0.3296619730858144;0.6281820820407433;0.3466873762689221;0.26240643721343876;painting;still-life;Dutch;1651-1700;Hunting Still-Life (detail)
0.4337319241106461;0.3006010918578314;0.20026748247943998;0.1488444348582735;0.12831606065703652;0.11077262651151665;painting;still-life;Dutch;1651-1700;Still-Life of Fruit
0.4819509337755035;0.3203400406695906;0.19289451672377303;0.11576589379529559;0.0885024217635893;0.09277366770668369;painting;still-life;Dutch;1651-1700;Still-Life with a Basket of Fruit on a Marble Ledge
0.15013953770664146;0.1526031695482423;0.14268826304879345;0.5235069775343247;0.418340363985464;0.3470922515930738;painting;still-life;Dutch;1651-1700;Still-Life
0.4133619625324879;0.23517030237961617;0.16064134581389383;0.029327862951460493;0.021285725753526347;0.04196424291616912;painting;still-life;Dutch;1651-1700;Still-Life with Fruit
0.14933611238032912;0.12285526885538908;0.1301777939446481;0.6080532609024717;0.4816078910614265;0.3513076486821131;painting;still-life;Dutch;1651-1700;Still-Life with Fruit and Crystal Vase
0.11363457470970828;0.13572598774948638;0.1456452338630968;0.5019618767627064;0.38219077748549335;0.24599059922630867;painting;still-life;Dutch;1651-1700;Still-Life
0.6080483821455447;0.4406913443394802;0.2713496655835665;0.12874715705152465;0.14615542050776864;0.12987258495988044;painting;still-life;Dutch;1651-1700;Still-Life with Fruit
0.1963536140786732;0.15945366823622836;0.149110988055102;0.442274968196931;0.21511384594674043;0.18972421287876653;painting;still-life;Dutch;1651-1700;Still-Life
0.13882069283661042;0.1340061789881124;0.14881933381962717;0.2895860319743727;0.30131422263796215;0.24550819773491783;painting;still-life;Dutch;1651-1700;Flower Still-Life
0.11882922756129707;0.11388748189261949;0.11391472484688417;0.33146421942303217;0.3241903328659406;0.26048360003824256;painting;still-life;Dutch;1651-1700;Fruit Still-Life
0.07511945192321809;0.06361056000217521;0.06869026744644685;0.3656296509038559;0.27644455946772994;0.17860837594393839;painting;still-life;Dutch;1651-1700;Still-Life with Fruit, Parrot, and Nautilus Pitcher
0.17697020608577785;0.14050344383270058;0.0924385081797188;0.6482755134281508;0.4746774836420365;0.2964249478473928;painting;still-life;Dutch;1651-1700;Still-Life with Peaches and Plums
0.10160304318223051;0.07487010088772161;0.07422431450953754;0.46659483951529485;0.2792813847226787;0.15258014390265545;painting;still-life;Dutch;1651-1700;Still-Life with Mouse and Candle
0.5101300595837588;0.29067966131186296;0.17827632466051183;0.10303490026646761;0.08737370266963576;0.07238374774128675;painting;still-life;Dutch;1651-1700;Still-Life with Fruit and a Crystal Vase
0.08175651759530808;0.07350163206639626;0.08401961803137875;0.44829777410684263;0.3198157643425765;0.25415192818124027;painting;still-life;Dutch;1651-1700;Vase of Flowers with Pocket Watch
0.528663703303855;0.4344794078733707;0.3610200238440981;0.19793951807012483;0.14246938690356434;0.1261509572631954;painting;still-life;Dutch;1651-1700;Still-Life of Dead Birds and Hunting Weapons
0.0;0.396932037600987;0.00979464560051223;7.458922368641652e-14;0.8398368140755541;0.0;graphics;still-life;Dutch;1651-1700;Still-Life with Armour
0.16073197375167592;0.12976141100527014;0.12545464124699657;0.6393792740394916;0.39714794580862955;0.3139590422534983;painting;still-life;Flemish;1651-1700;Fruit
0.4749192725816946;0.44125017441611636;0.45080425643853556;0.534510988276153;0.39370107733625204;0.25444092957598047;stained-glass;religious;Netherlandish;1501-1550;Susanna and the Elders
0.28648202361558794;0.23087840836047285;0.20821752141114586;0.5456989106734633;0.40619730306196095;0.3059971396228973;painting;religious;Netherlandish;1501-1550;Apostles Peter and John
0.6039080782490073;0.3987569976342221;0.24827372342729803;0.23137503617688754;0.18121714143356996;0.15020658273284612;painting;religious;Flemish;1501-1550;Christ and the Adulteress
0.2531944675151251;0.20875827422873344;0.20072093544075365;0.5988883477876821;0.4173378221071358;0.32939153421607775;painting;still-life;Netherlandish;1501-1550;Christ and the Adulteress
0.6548143911074815;0.47928532659409967;0.37361672494654263;0.33965592875492645;0.28855101609395534;0.2685178637977928;painting;genre;Netherlandish;1501-1550;Cook in front of the Stove
0.20458424712066892;0.17620336765702857;0.1938231084992;0.5986459421571177;0.4556911491870241;0.37117735525034606;painting;genre;Netherlandish;1501-1550;The Cook
0.553463233672506;0.29970339072161234;0.2202276098353383;0.22226239722066993;0.1811644559208945;0.18179856969469965;painting;genre;Flemish;1501-1550;The Egg Dance
0.23978059939225627;0.2132025534501662;0.18711801165391148;0.4298680744045125;0.30691866103502796;0.22302896311781661;painting;mythological;Netherlandish;1501-1550;The Fat Kitchen. An Allegory
0.3527192215171538;0.2789087198910085;0.24955147607318368;0.6083069008581597;0.32699760464272537;0.2700892343092956;painting;genre;Netherlandish;1501-1550;Market Scene
0.3908326445452852;0.33326971223865914;0.28581429253687674;0.5856178465335399;0.32693070845697525;0.2653054318386782;painting;genre;Netherlandish;1501-1550;Market Scene (detail)
0.5975629454783898;0.4278764697035839;0.34916817153685625;0.1858475384631587;0.14246483995726075;0.13035060590545391;painting;genre;Netherlandish;1501-1550;Market Scene
0.2598766297974605;0.1868567133610171;0.18416374996623003;0.6295211165079017;0.3959084701307082;0.3175293768291562;painting;genre;Netherlandish;1501-1550;Market Scene
0.5426533673995321;0.3478876219780231;0.27892581804201555;0.31105968214182445;0.22829972115517727;0.20345359090021153;painting;still-life;Netherlandish;1501-1550;Market Scene
0.23925806736461197;0.21449629331594183;0.1702361305462809;0.6681629252310242;0.5096477565441762;0.35498867353558317;painting;still-life;Netherlandish;1501-1550;Market Woman with Vegetable Stall
0.19365254049940991;0.15334971936667013;0.1618119049630492;0.5083219285603786;0.32937377177371735;0.2394444125008109;painting;genre;Netherlandish;1501-1550;Butcher's Stall
0.30254283849886865;0.23911495261264737;0.2079368274083645;0.5710521034996664;0.3846123849692202;0.31963961115643763;painting;genre;Netherlandish;1501-1550;Peasants by the Hearth
0.2224504076178681;0.18773601846388335;0.162612093777219;0.6414087916777311;0.43696655475914165;0.2932535915294371;painting;still-life;Netherlandish;1501-1550;Still-Life
0.5440413484646973;0.30821742652655904;0.2105192152240598;0.20827476057195266;0.15648004343746785;0.14830071490272698;painting;religious;Flemish;1501-1550;Triptych with the Adoration of the Magi (central panel)
0.30263319794145843;0.24121602493085575;0.24186636721963523;0.6478879364596044;0.4065472675332952;0.2667993897253286;painting;religious;Flemish;1501-1550;Left wing of a Triptych with the Adoration of the Magi
0.3040465251210996;0.24067711339445763;0.2278872673497387;0.619497459984597;0.33958723879864283;0.21531636165434898;painting;religious;Flemish;1501-1550;Left wing of a Triptych with the Adoration of the Magi (reverse side)
0.5022692990537747;0.3451426776126997;0.25961328427207636;0.186671623872927;0.14052140542539235;0.13258144894782098;painting;genre;Netherlandish;1501-1550;Vendor of Fowl
0.7577687674908199;0.6029221369230741;0.409870032373478;0.6330820789762375;0.5669688645366626;0.442341272084609;painting;other;Swiss;1801-1850;Study of Dogs
0.5004668103733182;0.48504144015591394;0.4221632245762855;0.4548514060116083;0.36977284345792377;0.14717708573793065;painting;other;Swiss;1801-1850;A Gentleman with Horses by a Stream
0.6974221859106227;0.6938812431616634;0.6929272315252952;0.3510117795416908;0.23688445748589715;0.1741928418988795;painting;other;Swiss;1801-1850;Portrait of a Horse
0.5189379859540799;0.39549141038443564;0.31157951701615844;0.15535095894091044;0.09873457476539946;0.10833369088971326;painting;genre;Swiss;1801-1850;The Playground
0.46515033713320014;0.3436555647688062;0.22464193082166511;0.3411013786257398;0.2908310725718479;0.22126569338940205;painting;other;Swiss;1801-1850;Two Terriers by a Mossy Bank
0.4741736375720597;0.31187382492559834;0.16590421413287273;0.35196803539201055;0.3493262360937942;0.33521660239923046;sculpture;religious;Italian;1451-1500;Mary Magdalene
0.41614259330071995;0.36486651275719595;0.2943032607068486;0.3718863502594753;0.343323506531395;0.33564171147358207;sculpture;religious;Italian;1301-1350;Monument to Bishop Guido Tarlati
0.5776480451169256;0.5554233549448503;0.5735510506711305;0.36460840969270986;0.3367306261952403;0.29634619995561434;sculpture;religious;Italian;1301-1350;Monument to Bishop Guido Tarlati (detail)
0.48756499802628767;0.44376830285456664;0.4085054741437852;0.4302725882578292;0.3744792884535964;0.28492064870481604;sculpture;religious;Italian;1301-1350;Monument to Bishop Guido Tarlati (detail)
0.2315607051930037;0.22761130001682972;0.231271164049908;0.5061608791253199;0.47157180820151495;0.4799604853675145;sculpture;religious;Italian;1301-1350;Monument to Bishop Guido Tarlati (detail)
0.6395090269827882;0.6056880159863813;0.6056677250917396;0.5620595987549393;0.5507841650196482;0.5381197669339437;sculpture;religious;Italian;1301-1350;Monument to Bishop Guido Tarlati (detail)
0.7019626383109323;0.6379437298504885;0.5743000541486947;0.12548206036910264;0.11659762606752716;0.11454672170539734;sculpture;religious;Italian;1451-1500;St Bridget of Sweden Receiving the Rule of Her Order
0.7632826891950806;0.6945376798704742;0.5652030480295314;0.6742151092478206;0.5882372874200537;0.4149463409943473;sculpture;religious;Italian;1451-1500;St Bridget of Sweden Receiving the Rule of Her Order (detail)
0.6674333407067933;0.5671105367749742;0.38080739922142;0.6556806960408686;0.5875370387549915;0.46316743066394267;sculpture;religious;Italian;1451-1500;St Bridget of Sweden Receiving the Rule of Her Order (detail)
0.014617676682799662;0.28724389538033296;0.01608059068791114;6.45483666517066e-15;0.6130611497808988;5.110079026593439e-15;sculpture;religious;Italian;1451-1500;Madonna del Carmine
0.6467644900178271;0.6300990192111555;0.5622779356693373;0.74462234382613;0.5795189322076842;0.41689683697084023;sculpture;religious;Italian;1451-1500;The Angel Gabriel
0.04089658180535604;0.09265877047891005;0.0912288063288475;0.5794140142395813;0.4964408496934127;0.4119724146097537;sculpture;religious;Italian;1451-1500;Virgin and Child
0.645608427712545;0.5968307288550767;0.53398305594255;0.013458871632769242;0.0350365981942752;0.03427453564858393;sculpture;religious;Italian;1451-1500;Madonna (detail)
0.015046323438608898;0.18981136838402224;0.010682182036176921;1.434408147815702e-14;0.5495855856681904;0.0;sculpture;mythological;Italian;1451-1500;The Obedience
0.6805119938364065;0.617528368108184;0.5463354363120867;0.8445989225926823;0.81372554821344;0.7892096819587133;sculpture;religious;Italian;1451-1500;Angels Playing a Viola
0.8623067862544986;0.8254820777625871;0.8050724693060539;0.6448411699213589;0.5871363664302718;0.5135930787985563;sculpture;religious;Italian;1451-1500;Angels Playing a Lute and Tambourine
0.8918215618546536;0.8567228286905777;0.843306511118783;0.6804672598636358;0.6299709584442044;0.5553326654537168;sculpture;religious;Italian;1451-1500;Angels Playing a Lute and Tambourine (detail)
0.4469243722680954;0.3677322316407177;0.2956467235158003;0.19428272164450894;0.18426081876619174;0.17072451916596132;architecture;interior;Italian;1451-1500;Tempio Malatestiano: Interior
0.6910583565221062;0.6607091984631602;0.6420742472969834;0.18709007928066101;0.26552479219497316;0.2973644333893423;sculpture;religious;Italian;1451-1500;Musician angels
0.02618729415309989;0.29860130570465354;0.02405926709301996;9.897416219928346e-14;0.7529340671135255;1.6316392681403613e-14;sculpture;religious;Italian;1451-1500;An angel drawing back a curtain
0.45433205905655133;0.4403470499442368;0.4384759358555314;0.5476754812881084;0.49815408605779404;0.4400785733129219;sculpture;religious;Italian;1451-1500;The Moon
0.5525118545282173;0.45172190718971;0.4015169529998601;0.41818649242431977;0.35414152288426043;0.33515756669240615;sculpture;mythological;Italian;1451-1500;The Moon
0.5906003841705397;0.5906003841705397;0.5906003841705396;0.3085218763612192;0.3085218763612192;0.3085218763612192;sculpture;mythological;Italian;1451-1500;Saturn
0.723864711761444;0.6154098941212303;0.5371355357082257;0.747364598856684;0.6054612587728028;0.4945407878694203;sculpture;mythological;Italian;1451-1500;Philosophy
0.0;0.702322052461074;4.6618264804010325e-15;0.01049274423624298;0.3084262568619489;0.016946724621785553;sculpture;religious;Italian;1451-1500;A Miracle of San Bernardino of Siena
0.5836095833593017;0.5034062616203538;0.4075586891033132;0.5109715664967159;0.5279178558355412;0.5213636873629833;architecture;religious;Italian;1451-1500;Oratorio di San Bernardino: Façade
0.006712301626200537;0.2158348968960797;0.010486056781339102;2.2233326291143384e-14;0.6729161716614261;7.889244812986363e-15;sculpture;religious;Italian;1301-1350;Monument to Bishop Guido Tarlati
1.0758061108617768e-14;0.6446506284528302;1.7930101847696278e-16;0.02063363404018301;0.2505780819396937;0.021622917463348313;sculpture;religious;Italian;1301-1350;Monument to Bishop Guido Tarlati (detail)
0.6032209691679331;0.5397255478687755;0.3972465944974713;0.48576905759495476;0.4475100742193298;0.3548199592185034;sculpture;religious;Italian;1301-1350;Monument to Bishop Guido Tarlati
0.5061577325715861;0.4383399987466656;0.33453138427566437;0.42990034736512567;0.39170676645796026;0.3358433307362035;sculpture;religious;Italian;1301-1350;Monument to Bishop Guido Tarlati
0.537396494164803;0.5180159851392301;0.5362713520588176;0.4667853102191179;0.4342397718397884;0.4118451235511949;sculpture;religious;Italian;1301-1350;Monument to Bishop Guido Tarlati
0.6880453150022084;0.6895534691728411;0.6756286101317853;0.5715813767764424;0.5252296085100867;0.44870704438136183;sculpture;other;Italian;1501-1550;Sepulchral Monument to Sforzino Sforza
0.42036685957061004;0.439206756188658;0.45732474719819044;0.08905543981566338;0.399238415060438;0.688298233138848;architecture;other;Spanish;1801-1850;General view
0.49861163071677833;0.4800819800192248;0.4595264698279536;0.02982728087637901;0.41319449327190083;0.755981835551631;architecture;other;Spanish;1801-1850;Exterior view
0.35063846500469364;0.279472231060122;0.22080984785466018;0.7983353653784867;0.5142829519526144;0.2826779681067515;painting;landscape;Russian;1851-1900;The Ninth Wave
0.7158227666688648;0.7288730666971583;0.6404236280195911;0.5689062851312158;0.5762079176293358;0.4666617436865918;graphics;landscape;Russian;1851-1900;A Strong Wind
0.7042741932763547;0.6743020512066307;0.5946902460315988;0.5523515796448917;0.5209518059863885;0.41316092473396016;graphics;landscape;Russian;1851-1900;Shipwreck
0.6491886188632346;0.5639445447930735;0.4824351467116737;0.5139975596767052;0.5754108898950469;0.4774932557770079;painting;landscape;Russian;1851-1900;Ship in the Stormy Sea
0.47002173851509904;0.341912143700469;0.22174215880705833;0.19168787178565994;0.20137587106853427;0.19275006064735664;painting;portrait;Flemish;1701-1750;The Van Aken Brothers
0.17094947929053403;0.17257294087613018;0.16123989915552275;0.47297490952692983;0.36284493923798433;0.1617629746544263;painting;genre;Flemish;1701-1750;A Sporting Conversation Piece
0.4198102848348932;0.3287160057015091;0.14453868620536472;0.29729388382345734;0.283814030611608;0.21166378464480334;painting;genre;Flemish;1701-1750;A Vegetable Seller and his Son
0.2442949338091151;0.24337598250386444;0.17044220887133482;0.40577912553329776;0.34223203969800237;0.14468625241750732;painting;genre;Flemish;1701-1750;Vegetable and Fruit Market
0.7191183367901407;0.5520508445858181;0.3839148074528557;0.2551151718716728;0.17886027203382576;0.18123274414474158;painting;religious;Greek;1401-1450;The Virgin Cardiotissa
0.2618386176660238;0.2396209770221544;0.17355699014072795;0.7672419689964455;0.5122958888724042;0.13852247269478898;painting;religious;Greek;1401-1450;The Congregation of the Archangels
0.6107255811785329;0.4317633538284897;0.23571099943121576;0.44090199031845295;0.3691952948728805;0.28260197207945975;painting;religious;Italian;1451-1500;Figure of a Saint
0.32977280941381626;0.27216003064920696;0.23076573598513983;0.7183961640052225;0.5504952382713476;0.3828480196775014;painting;mythological;Italian;1601-1650;Spring (Venus at her Toilet)
0.2132023060178478;0.19720892147548458;0.24409268177132842;0.45497902627478365;0.30295955050622714;0.2758184335818818;painting;mythological;Italian;1601-1650;Spring (detail)
0.311543447221794;0.2406421524064875;0.22535688765060963;0.7066236143891127;0.5393061455077692;0.3932436793504449;painting;mythological;Italian;1601-1650;Summer (Venus in Vulcan's Forge)
0.3068846682399746;0.2378092130783928;0.21386592615111588;0.7267767936042816;0.5690228788763207;0.37455745779641886;painting;mythological;Italian;1601-1650;Autumn (Venus and Adonis)
0.6664897131513466;0.4979555569762671;0.3748595183812825;0.208233461509986;0.15763563252276627;0.14345738574935032;painting;mythological;Italian;1601-1650;Winter (The Triumph of Diana)
0.32316212299329694;0.2933271791514686;0.2527170239654789;0.5413300939297407;0.3909644088778992;0.20938960498917775;painting;mythological;Italian;1601-1650;The Four Elements: Water
0.49679179394395584;0.3649133498976255;0.21991855403480493;0.21843785011664424;0.20946876600959757;0.18416103004833664;painting;mythological;Italian;1601-1650;The Four Elements: Water (detail)
0.6418866112812637;0.49801593055931853;0.27569008456664673;0.32437616426220933;0.2789505574110881;0.20623389672550418;painting;mythological;Italian;1601-1650;The Four Elements: Air
0.5413746569969511;0.3827124494136379;0.26472328957582375;0.32886706944192345;0.2803948976476674;0.23906534263904616;painting;mythological;Italian;1601-1650;The Four Elements: Air (detail)
0.4005178166798232;0.33136713781422084;0.24675355496026496;0.7543076182371864;0.5860765513723154;0.32375024630757276;painting;mythological;Italian;1601-1650;The Four Elements: Fire
0.5819920449213092;0.42190348212841416;0.3155493083966647;0.30059224784239225;0.26153956890275243;0.22063083017734392;painting;mythological;Italian;1601-1650;The Four Elements: Fire (detail)
0.6832429748584844;0.5186575542487926;0.2712061593594189;0.4142533120332454;0.34493856823193475;0.270710860040148;painting;mythological;Italian;1601-1650;The Four Elements: Earth
0.5053602144771874;0.37917568905547905;0.2635927671946895;0.25697283560686346;0.21237308873747363;0.16886747211199596;painting;mythological;Italian;1601-1650;The Four Elements: Earth (detail)
0.43872975876812165;0.37323031376263804;0.28618723169019605;0.42730952155446106;0.4315785332917761;0.4431744271599706;painting;mythological;Italian;1601-1650;Ceiling vault of piano nobile loggia
0.44632660046272415;0.4013165767225407;0.33316430626024846;0.42232096627113214;0.40619346743033957;0.40992079047554164;painting;mythological;Italian;1601-1650;Ceiling painting
0.34812080014834995;0.3455508605839573;0.3750087179613958;0.5341554427245762;0.4608855380545976;0.3799854767456017;painting;mythological;Italian;1601-1650;Adonis Led by Cupids to Venus (detail)
0.5603908245610931;0.40700077967250453;0.28675166556704684;0.18392871220512697;0.14719861902639128;0.12324585992688658;painting;religious;Italian;1601-1650;The Annunciation
0.5901503493011347;0.44135217762959017;0.324517257087669;0.26616454620032315;0.22924484841762394;0.21091519931043518;painting;mythological;Italian;1601-1650;Diana and Actaeon
0.21923620166296032;0.19320293419281542;0.17645189413362064;0.5732393580885696;0.39731020099538555;0.28394302336543686;painting;mythological;Italian;1601-1650;Diana and Actaeon
0.36801032275038237;0.34367074289038674;0.24925822740222126;0.6967982622332621;0.37267145509457605;0.17813321192136758;painting;religious;Italian;1601-1650;The Holy Family
0.2335853542391898;0.20096335395330472;0.14641789577137976;0.4748351493559165;0.2296043439623195;0.12258632316693091;painting;religious;Italian;1601-1650;The Holy Family in a Landscape
0.6025665013470549;0.511309284902387;0.4969104192865674;0.6491958801553156;0.36715390513074103;0.27367597460642445;painting;religious;Italian;1601-1650;Holy Family
0.2633030291278149;0.21516212387790057;0.17196692161056432;0.6240145217664529;0.475507161973523;0.3010762088123328;painting;mythological;Italian;1601-1650;Venus Attended by Nymphs and Cupids
0.1658115486314711;0.18482723991109587;0.22551034050710378;0.408710684377271;0.35266106569429867;0.3096930598960697;painting;mythological;Italian;1601-1650;The Toilet of Venus
0.45460538218832297;0.38582815280928706;0.3069488420414955;0.2572449115084755;0.2564254646468371;0.28538817981676784;painting;mythological;Italian;1601-1650;Toilet of Venus
0.18865624086142338;0.1785924728631286;0.1560378131792714;0.5201158018083709;0.44329254565420123;0.3421758944482568;painting;mythological;Italian;1601-1650;The Cupids Disarmed
0.3676970925948701;0.3811284400160832;0.3892089484690509;0.4016605964218769;0.3436560495667464;0.281952859461907;painting;mythological;Italian;1601-1650;The Phaethon Legend
0.4113425144626439;0.4092514196516401;0.4236474947051305;0.48802269976507645;0.40847116979212816;0.3317535497103762;painting;mythological;Italian;1601-1650;The Phaethon Legend: Fall of Phaethon and Olympian Gods
0.4735172658077654;0.45597935300664943;0.4489078234348411;0.4270196207620544;0.3343875437329113;0.2388990952715263;painting;mythological;Italian;1601-1650;The Phaethon Legend: Neptune Taming Horses
0.4374295022697022;0.39531208690470565;0.37311973050811353;0.446324859361004;0.33450646545029655;0.25056506290538977;painting;mythological;Italian;1601-1650;The Phaethon Legend: River Gods Eridanus, Heliades, and Cycnus
0.32851018177915364;0.30472381690094336;0.2944781458316337;0.4629173286556126;0.3493267716524934;0.26539346055172963;painting;mythological;Italian;1601-1650;The Phaethon Legend: Venus at her Toilet
0.32942257080111764;0.3091166365972384;0.2835492357333559;0.46858046354866373;0.3429325510654261;0.23303304998126007;painting;mythological;Italian;1601-1650;The Phaethon Legend: Lamenting Mother Earth
0.48526278262146866;0.4934801481552699;0.4796667655138776;0.49303183888952;0.3903947263892759;0.3122972847384196;painting;mythological;Italian;1601-1650;The Phaethon Legend: Galatea on a Dolphin
0.45045835016597496;0.43688179004129296;0.4372953304246676;0.49725076991163425;0.4029542357899098;0.3285099159936355;painting;mythological;Italian;1601-1650;The Phaethon Legend: River Gods Eridanus, Heliades, and Cycnus (detail)
0.6498986250628527;0.6366725852229929;0.6923491605145842;0.7614899319362826;0.7283566040716932;0.7825362336802559;graphics;mythological;Italian;1601-1650;Mercury
0.09224717692191348;0.07866085248929611;0.06982078400604;0.517197606170554;0.38271043376354785;0.19492507531936695;painting;religious;Italian;1351-1400;Polyptych of the Apocalypse
0.5320131884484209;0.40397457717028257;0.18660327463987877;0.2603429114974142;0.21730231924373483;0.18335571403518755;painting;religious;Italian;1351-1400;Polyptych of the Apocalypse (central panel)
0.6199304504603692;0.3837652792266294;0.2506145017060092;0.31242268185053557;0.21689433479668885;0.17013752932141438;painting;religious;Italian;1351-1400;The Harvest of the World
0.6155168397872753;0.54497321708149;0.49413684776593364;0.7628003403749953;0.5544376300888187;0.36714217349215567;painting;religious;Italian;1351-1400;Triptych
0.4770888496627474;0.4564274570708195;0.4411322264687562;0.6172797467211285;0.4419161056235023;0.3337365746268132;painting;religious;Italian;1401-1450;St John fresco cycle
0.7597259881982134;0.7247148144965726;0.6383746483378671;0.41638908360343135;0.39311200826375936;0.36284992428400703;graphics;mythological;Italian;1551-1600;Fame
4.3032244434471065e-15;0.622816497446998;2.8688162956314045e-15;0.024792818608724315;0.19037198534681235;0.014533684706075214;graphics;religious;Italian;1551-1600;Part of the Sistine Chapel Ceiling
0.39929767356144735;0.4198973699289742;0.4170990564588525;0.6942187019500592;0.6557861027153313;0.6488322539247035;graphics;religious;Italian;1551-1600;Madonna and Child in Glory with Angels
0.4618883870871385;0.39224995085088227;0.32337666018939837;0.5001356538929347;0.4866959604144366;0.4823857931651661;painting;religious;Italian;1551-1600;The Cardinal Virtues
0.3130725861809345;0.2836348114583908;0.27707103040442993;0.5817480216827773;0.4794978962500602;0.40601737181078823;painting;mythological;Italian;1551-1600;Ceiling decoration
0.5542099481545673;0.5159846110979405;0.48729269622985477;0.5920124174054683;0.7154586400733507;0.8343275783561444;architecture;religious;Italian;1401-1450;Sant'Andrea: Façade
0.5329430356101172;0.5014274541343743;0.42295836563097944;0.23570516260388075;0.25200589107174887;0.2613709506283324;architecture;other;Italian;1401-1450;Sant'Andrea: Façade
0.2562529616743627;0.25428163269105164;0.2711856628914139;0.37864734129686806;0.34282431719403605;0.31300007824820714;architecture;interior;Italian;1401-1450;Sant'Andrea: Interior
0.2066707528637053;0.17109160815184207;0.13913416467682896;0.47156660494676556;0.35925196734093745;0.252652423628876;architecture;interior;Italian;1401-1450;Sant'Andrea: Interior
0.4437038142566809;0.42270442847420686;0.3596452116760953;0.5799668442950308;0.6955644627546627;0.8685187637763936;architecture;other;Italian;1401-1450;Façade
0.531052632586943;0.5148741698584508;0.4793953407689249;0.41279421099568153;0.6310138446207427;0.7763860800894105;architecture;religious;Italian;1401-1450;Exterior view
0.49697827943203593;0.6150303590069464;0.7860150096309187;0.5156304180040296;0.4954467627080515;0.40539487090487103;architecture;other;Italian;1401-1450;Exterior view
0.3202669759345763;0.33659336392723327;0.35347823620427476;0.5494523791622693;0.529090991780756;0.5011265418800567;architecture;other;Italian;1401-1450;Courtyard
0.3648471522314122;0.34956961354399135;0.2901199249954028;0.6764781883418052;0.7511200130469373;0.8687263893441941;architecture;other;Italian;1401-1450;Palazzo Ruccelai: Façade
0.548859646396137;0.5106746682815488;0.45063573467543633;0.27016738837243676;0.31884749616735003;0.30241301737596427;architecture;other;Italian;1401-1450;Palazzo Ruccelai: Façade
0.5686506266594755;0.5749311232355552;0.5578522985566988;0.6956856277264832;0.6417452568261137;0.5650017238179773;architecture;other;Italian;1401-1450;Palazzo Ruccelai: Façade (detail)
0.28559353334818044;0.26454617929066526;0.2509107886150037;0.5809909312094214;0.5468375410076812;0.46812964413170627;architecture;other;Italian;1401-1450;Palazzo Ruccelai: Façade (detail)
0.29915809731215587;0.2405674802041219;0.22877132035285647;0.4940856536118933;0.48130182913990666;0.4843729519949697;sculpture;portrait;Italian;1401-1450;Self-Portrait
0.25995344057729164;0.2906952312380526;0.27753420678035345;0.6772124798079683;0.6281478033834708;0.5384323586901737;architecture;other;Italian;1401-1450;Façade of the Tempietto
0.6677312627796191;0.6255362048266253;0.5397076531173028;0.21616609371122564;0.2493017833037499;0.23176040195258507;architecture;other;Italian;1401-1450;Apse of the Tempietto
0.19181663588992656;0.19566735468648816;0.21609526980148713;0.6779552786155626;0.5920272170996702;0.5554935188582293;architecture;other;Italian;1401-1450;View of the Tempietto
0.7651672021621247;0.7947357778349301;0.8841743529375351;0.504153351535253;0.4568496724115621;0.47351253052268144;architecture;other;Italian;1401-1450;Tempio Malatestiano: Façade
0.6264371283887246;0.5820551975074663;0.5088438803659681;0.6181224752712061;0.7228503547732666;0.8006648930927613;architecture;other;Italian;1401-1450;Tempio Malatestiana: Façade
0.3208307379624416;0.2957851554608749;0.30477648993937306;0.49976867876109893;0.3386699835458645;0.2173428934888586;painting;religious;Italian;1451-1500;Adoration of the Child with Angel
0.48683941755492227;0.3420157492904266;0.18030067779115821;0.22060558031266742;0.2411704946197064;0.16216206657608917;painting;religious;Italian;1451-1500;Virgin and Child
0.1538566459496781;0.13195080362552164;0.14426836732788706;0.4992345405512801;0.3473472020076641;0.2336578934145691;painting;religious;Italian;1451-1500;Virgin and Child
0.2376704853518074;0.21246116433894918;0.24923210553446212;0.5565025460010051;0.3599121827025128;0.20924645575264583;painting;religious;Italian;1451-1500;Visitation
0.4637074881435071;0.46557949372558055;0.43071957606979594;0.6485494240889039;0.4955657576829942;0.3945370843001307;painting;religious;Italian;1451-1500;Annunciation
0.4496562993398356;0.4155785933278982;0.36474901885006367;0.6392370534786124;0.5102510226741506;0.3518890100203121;painting;religious;Italian;1451-1500;Birth of Christ
0.48172243918639385;0.4358436518393648;0.3743951537346426;0.7176751013938968;0.47559803220769276;0.3102629468640571;painting;religious;Italian;1451-1500;Circumcision
0.48805027090406444;0.29104071358504846;0.13463454369199682;0.11917019082363073;0.11202246388073756;0.0894870105000122;painting;religious;Italian;1451-1500;Visitation
0.5345072185404138;0.530590295021175;0.5765799084609324;0.36651081996522994;0.28254203388710575;0.27599663987876294;painting;landscape;Italian;1701-1750;View of Campo Santi Giovanni e Paolo
0.45932983862594495;0.4547847874323004;0.45644584426486673;0.4864311047867986;0.36117381314983776;0.3253589975752374;painting;landscape;Italian;1701-1750;San Giuseppe di Castello
0.11705440715525697;0.0814627963795429;0.06703355766498789;0.5741230349058765;0.40115048479778803;0.2721064442659467;painting;portrait;Other;1751-1800;Portrait of María Anna Josefa Taking Vow
0.21318710062277124;0.16171457296404484;0.19436510676362195;0.6257523843907251;0.5380501089606899;0.431387636749313;graphics;study;Italian;1551-1600;Red Hartebeest and Blackbuck
0.8866930777448456;0.8398100905844001;0.6519137825468282;0.8774221449922734;0.8443303028257576;0.7000465669090049;graphics;study;Italian;1551-1600;Red Hartebeest
0.8776393860597201;0.8310234501668877;0.6629221293677856;0.7430399404224288;0.6997786976940948;0.579065426379995;graphics;study;Italian;1551-1600;Red-flanked Duiker
0.8583330462287584;0.8250001224697515;0.7264467300720194;0.8564542806286614;0.8126621136376767;0.6498329976346573;graphics;study;Italian;1551-1600;Blackbuck
0.15192979671341955;0.15078317486567494;0.15973505164557036;0.6867315809753325;0.6243398689319725;0.48065366333341625;graphics;study;Italian;1551-1600;Red Hartebeest and Mountain Coati
0.9182202108753549;0.8625040421527285;0.66642109306605;0.7751937483258572;0.7386464484884769;0.6161730602402706;graphics;study;Italian;1551-1600;Mountain Coati
0.838338137154359;0.8372244548421085;0.8527674409925848;0.5798932809074454;0.5621638162827557;0.5395635577992179;graphics;study;Italian;1551-1600;Blue-Headed Quail-Dove
0.8031542773216579;0.5969810225551446;0.4460329626621568;0.2005380153557238;0.11888269216332376;0.11100863182024204;graphics;study;Italian;1551-1600;Specimens of Nature
0.4259189471230748;0.38733146427379567;0.3340381703768923;0.4276530619106609;0.637869009297417;0.9292118135231984;architecture;other;Italian;1801-1850;Viaduct
0.3664935510342276;0.32505538444518733;0.2986302604963871;0.1947102312071729;0.3989812079211772;0.7443889378285093;architecture;other;Italian;1801-1850;Exterior view
0.03039484866350815;0.1771998083846453;0.33123222979842626;0.4178374757869661;0.30274808900788047;0.30184521316566454;architecture;interior;Italian;1801-1850;Interior view
0.300374662207671;0.18895508891928617;0.1611679408390223;0.051268405458328316;0.28784439171161813;0.6310438260037132;architecture;interior;Italian;1801-1850;Interior view
0.2803454262838038;0.35259408695566585;0.38047721807367224;0.49465527618309507;0.3011016946928271;0.23760339927043783;painting;genre;Other;1851-1900;Grape Harvest Girl
0.6605917352963047;0.6359779683467234;0.614606189678629;0.610913057975341;0.5217705548851941;0.42445363300249284;painting;historical;Russian;1751-1800;The Flood of 1824 in the Square at the Bolshoi Kamenny Theatre
0.46808386171455;0.3521059744066262;0.23661672509489073;0.4459263212966455;0.4669060299995919;0.47729988488366876;painting;other;Russian;1751-1800;Red Square in Moscow
0.5253433160099326;0.48731777475149346;0.4052310933204816;0.6071469104564072;0.6161478570837482;0.5758849932809282;graphics;landscape;Russian;1751-1800;View of the Resurrection Gate and Neglinny Bridge from Tverskaya Street
0.5247278216914023;0.699658448406923;0.8448291654542778;0.34145736500641966;0.3100671154456313;0.23974533483041433;painting;landscape;Russian;1751-1800;View of St. Petersburg
0.18173044610950115;0.17773303725311354;0.19652347228047423;0.43084065656919696;0.3374351003618738;0.2537763241838355;painting;portrait;Spanish;1801-1850;Portrait of an Architect
0.3000279492513995;0.28642554185456415;0.24454736047867948;0.5012342704857574;0.37229098560567264;0.2616936497855045;painting;other;Spanish;1801-1850;Satire on Romantic Suicide
0.6961200430023389;0.7348725568738464;0.7620334075143628;0.6111576738534769;0.5137528578168715;0.44592248132108453;architecture;religious;Italian;1551-1600;View of the façade
0.597501229092891;0.5536630630074684;0.5059816606407164;0.45882341282312794;0.5384151167790094;0.626887008205725;architecture;other;Italian;1551-1600;Façade
0.5343374186823173;0.5469183655740204;0.5329445183889312;0.4894068530184211;0.4500482578660517;0.35172193289581993;architecture;interior;Italian;1551-1600;Interior of the loggia
0.3659741234265792;0.34784569071102844;0.28140632436269003;0.5181618486352415;0.3537215501394288;0.25383873325716433;painting;religious;Italian;1501-1550;Annunciation
0.35674081738982005;0.3213992657482124;0.1986446288421927;0.5030485156275202;0.28853625901390295;0.10110957689055358;painting;religious;Italian;1501-1550;Crucifixion
0.48453923281019023;0.3094058133679856;0.09361354200394964;0.29090649954819564;0.24501317168056075;0.1473393357738358;painting;religious;Italian;1501-1550;Crucifixion (detail)
0.6100663089551629;0.3868625451753424;0.2153446858130218;0.32289964400171756;0.31673981484927044;0.28789301069645284;painting;religious;Italian;1501-1550;Madonna and Child
0.5034782343457199;0.3338687221181815;0.2226298139873613;0.23031847151139795;0.2627534973058247;0.5103895566908814;painting;religious;Italian;1501-1550;Piet?
0.5759076189766307;0.5294969499058495;0.5617757143862017;0.5385390800574145;0.529545636143562;0.538544610070372;sculpture;portrait;Italian;1601-1650;Bust of Bishop Ulpiano Volpi
0.4056844795787901;0.3805698879909562;0.3891393346940783;0.3293701330068493;0.2855271520032246;0.3014653624561477;sculpture;religious;Italian;1601-1650;Beheading of St Paul
0.4182780980008262;0.41630623025064284;0.4210838941675244;0.29302594969201246;0.2704376225272608;0.2704259820598267;sculpture;portrait;Italian;1601-1650;Bust of a member of the Pamphilj family
2.1516122217235535e-14;0.7886504319815407;9.861556016232953e-15;0.01026012800149271;0.16043919666643108;0.005139963977002435;sculpture;portrait;Italian;1601-1650;Bust of Monsignor Antonio Cerri
9.065459494195238e-12;0.9656545117874294;0.0;0.0;0.28295453802387405;0.014211841105010505;sculpture;mythological;Italian;1601-1650;Heracles and the Hydra
0.6524583819949835;0.5820158597168804;0.5135059889347351;0.9851650142378606;0.9760349674759955;0.9121409426075339;sculpture;portrait;Italian;1601-1650;Bust of Pope Innocent X
1.4344081478157022e-15;0.6795297945682426;0.0;0.0;0.2707478397526836;0.007681028799082814;sculpture;portrait;Italian;1601-1650;Cardinal Laudivio Zacchia
0.0;0.38745761284464675;0.004830917006898113;0.0;0.6869921915015589;2.689515277154442e-15;sculpture;religious;Italian;1601-1650;Monument of Pope Leo XI
0.4899935430837618;0.4916769679418707;0.5021802843584187;0.46767628724344074;0.46084619246479713;0.4424145498529801;sculpture;religious;Italian;1601-1650;Monument of Pope Leo XI
0.41896301237508804;0.3772930673277802;0.37312278668539495;0.38923513976543705;0.3219554583028791;0.27663404738781044;sculpture;religious;Italian;1601-1650;Monument of Pope Leo XI
0.3667498143924681;0.3386835014597365;0.30340574803317577;0.5875887704557375;0.5263683003051878;0.447615576343149;sculpture;religious;Italian;1601-1650;Monument of Pope Leo XI (detail)
0.0;0.3103705962551192;0.007886798739802369;5.737632591262809e-15;0.6426330345559467;6.723788192886104e-15;sculpture;religious;Italian;1601-1650;St Mary Magdalene
8.606448886894213e-15;0.721012711393102;0.0;0.0;0.3159666390256182;0.011290430035542276;sculpture;religious;Italian;1601-1650;St John the Evangelist
0.3922043597017299;0.3211426574753036;0.27859767965295223;0.555782373587026;0.5129601622596257;0.49874425236252956;sculpture;religious;Italian;1601-1650;St John the Evangelist
0.5926665356603956;0.551537041986411;0.5433621856977654;0.3834009393864316;0.3144452148095382;0.2665848477779203;sculpture;religious;Italian;1601-1650;St Mary Magdalene
8.176126442549502e-14;0.7273599233236941;2.330913240200516e-14;0.0;0.3289434408856467;0.00752043756135058;sculpture;portrait;Italian;1601-1650;Bust of Cardinal Giovanni Garzia Mellini
0.0;0.6737675429594727;0.0;0.0;0.24489156651166133;0.007481764806206748;sculpture;religious;Italian;1601-1650;St Philip Neri
0.0;0.7074997668285072;0.0;0.0;0.29668519062901283;0.007175687533822967;sculpture;religious;Italian;1601-1650;Vision of St Nicholas
0.10826943589511637;0.18067564270579137;0.20229316723985757;0.6533537486589717;0.6373351060223219;0.6200675275521085;sculpture;portrait;Italian;1601-1650;Bust of Donna Olimpia Maidalchini
0.49673015608868837;0.41631632120746037;0.3834236403845331;0.8436823350320615;0.8234758371953989;0.8244232325256388;sculpture;portrait;Italian;1601-1650;Bust of Donna Olimpia Maidalchini
0.21430769819269635;0.17060010326712483;0.2010819003758153;0.5488486986196561;0.47843470707510877;0.4737607423139763;sculpture;mythological;Italian;1601-1650;Sleep
0.3615727797062084;0.35800948948252015;0.2786291731884786;0.6123313474385088;0.6712951623299713;0.8263337090667587;architecture;other;Italian;1601-1650;General view
0.3888415133765705;0.38336097613088443;0.3330892740191955;0.5584846025742252;0.7023708623693192;0.929379350978698;architecture;other;Italian;1601-1650;General view
0.2845837017766893;0.24108307852299066;0.24120841226979012;0.42347959448704386;0.3177980795850957;0.28059844680541046;sculpture;religious;Italian;1601-1650;The Meeting of Leo I and Attila
0.5538071226807747;0.4926393955479857;0.46384559853001767;0.43902718827259946;0.3023214993940148;0.23805359288681804;sculpture;religious;Italian;1601-1650;The Meeting of Leo I and Attila
7.17204073907851e-15;0.6986070263160784;0.0;0.0;0.3319906683086215;0.006906810009331216;sculpture;religious;Italian;1601-1650;The Meeting of Leo I and Attila (detail)
0.0;0.2846253632881583;0.015081923458055113;1.290967333034132e-14;0.7317027936342955;3.944622406493181e-15;sculpture;religious;Italian;1601-1650;The Meeting of Leo I and Attila (detail)
3.944622406493181e-14;0.6978006734021058;2.5281443605251753e-14;0.00555380069539255;0.23210986779700704;0.013749591405258835;sculpture;religious;Italian;1601-1650;The Meeting of Leo I and Attila (detail)
0.0;0.28646804838596124;0.0132338081431704;1.434408147815702e-14;0.6961498330213601;5.737632591262809e-15;sculpture;religious;Italian;1601-1650;The Meeting of Leo I and Attila (detail)
0.47233444092463833;0.27032306557400393;0.19269115779996288;0.29639745339284856;0.2521994228968237;0.24379310761016687;painting;religious;Flemish;1401-1450;Scenes from the Life of Christ
0.3408162801673058;0.3322547331148734;0.3261145063716046;0.5756856823348957;0.5009419850331145;0.3941684111055486;sculpture;mythological;French;1851-1900;The Goodbyes of Alcestis
0.4168889630740548;0.3985372444086072;0.3827304338335557;0.637180213591135;0.45313127653026003;0.2390472134257559;sculpture;mythological;French;1851-1900;The Goodbyes of Alcestis
0.4736477506551025;0.4637921582329965;0.45463199839568663;0.5199713991734618;0.4779245099508979;0.4027187702585449;sculpture;mythological;French;1851-1900;The Goodbyes of Alcestis (detail)
0.1897338851246616;0.18186103401410186;0.19366755405449732;0.6709332044450655;0.6632400316014303;0.6748037530062012;sculpture;mythological;French;1851-1900;The Death of Alcestis
0.7524812472244292;0.7381001358624646;0.7250837078760111;0.6204789045791335;0.5807544386490152;0.5177447733205852;sculpture;portrait;French;1851-1900;Child from Abruzzo
0.21628705097222056;0.2650701725762332;0.21882539225109343;0.5467184186720729;0.5635614042966559;0.6100292783715474;sculpture;portrait;French;1851-1900;Pierre Guillaume Frédéric Le Play
0.0;0.6986583295012436;0.0;0.011831457219666707;0.16314708174115622;0.007668592393124968;sculpture;mythological;French;1751-1800;Venus at Bath
0.19955966974821954;0.12819480241490727;0.13389461734415284;0.4555879836265991;0.32292989940405675;0.1994183492144475;painting;landscape;French;1651-1700;Landscape with the Finding of Moses
0.42187938977611267;0.35165989727946123;0.25421930977892804;0.3102699703708888;0.29421721998813755;0.27948500624968103;painting;landscape;French;1651-1700;River Landscape
0.4463398019328631;0.4234443616017778;0.4283282071047678;0.4248172572874082;0.35447037361972206;0.23794931017564375;painting;landscape;French;1651-1700;River Landscape
0.3992446127440753;0.32727116815360674;0.2737530333656397;0.3748543394401425;0.3721531674132995;0.3664851360449704;painting;mythological;Italian;1551-1600;View of the Salone
0.5600283793564211;0.5496210966480224;0.5683388017683435;0.5989920362202341;0.49306122089376375;0.4244874481855413;painting;mythological;Italian;1551-1600;View of the Salone
0.5163436561444265;0.4606034568669379;0.43383979283700175;0.5704850674609844;0.4030053336938218;0.2867957609493123;painting;mythological;Italian;1551-1600;The Banquet of Syphax
0.5848565606904259;0.40495853269585885;0.25555414087901124;0.5723807154307293;0.5314595818851486;0.49918616156938717;painting;historical;Italian;1551-1600;Titus Quinctius Flamininus's Speech before the Achaeans
0.5483301004073452;0.522285018413981;0.46961746737540816;0.6337224997376711;0.4654241260584327;0.3295547022923077;painting;mythological;Italian;1551-1600;Lunette fresco (detail)
0.9264165308690628;0.8752779931304071;0.7542974285885833;0.7364435046680102;0.570381474050565;0.3761450501026803;graphics;study;Italian;1551-1600;Plan for the decoration
0.36086285553804254;0.2918338940193026;0.29990293013400166;0.5832447363466089;0.3965496797417978;0.33968016178260324;painting;mythological;Italian;1551-1600;Allegory of Human Life
0.6175724914091649;0.35264944733626286;0.23140107238526664;0.22223588325929222;0.16959245009848878;0.1641939872165961;painting;religious;Italian;1551-1600;Annunciation
0.14651270291230914;0.12321399945059355;0.13395769023305223;0.4683612780439916;0.39076996903709144;0.2611159450268443;painting;religious;Italian;1551-1600;The Body of Christ with Two Angels
0.4704748827820175;0.298716413972996;0.22089272067933496;0.12420536260860418;0.1060499505594373;0.14443525121839326;painting;religious;Italian;1551-1600;Allegory of the Christian Church
0.46751728179319046;0.5003651478905459;0.5272206088255322;0.5786591520730743;0.4873355583910342;0.3839305186856952;painting;genre;Italian;1551-1600;Women on a Terrace
0.25048098976468886;0.16903040634905528;0.16715538430268798;0.71409382922707;0.47476724439622914;0.3700639533027555;painting;portrait;Italian;1551-1600;Portrait of a Woman
0.4730232201520456;0.3245392098445533;0.20333484628704213;0.07003610967181503;0.0901728335880104;0.08717820401737683;painting;portrait;Italian;1551-1600;Portrait of a Noble Woman
0.13388577000707294;0.12158186998853976;0.11901219843057087;0.4603439345525399;0.3198888878432686;0.24049907109586;painting;portrait;Italian;1551-1600;Portrait of Bianca Cappello, Second Wife of Francesco I de' Medici
0.6100159960483881;0.5904099229376273;0.5899639927048852;0.4561863879023202;0.2805412642412449;0.20004802427303758;painting;portrait;Italian;1551-1600;Portrait of Francesco I de' Medici
0.09325336139034998;0.08895789489362707;0.0612859345465113;0.30438755754383207;0.23565619197795296;0.12365125036355559;painting;portrait;Italian;1551-1600;Portrait of Tommaso de' Bardi
0.08327214359235577;0.09229158794984108;0.09565273995389192;0.46930409136692425;0.3263333891138269;0.2375521429694541;painting;portrait;Italian;1551-1600;Portrait of a Young Man
0.5024514736350244;0.3224438521212484;0.19655992864747024;0.1256089508950436;0.1189339069041021;0.11338725712264122;painting;religious;Italian;1551-1600;The Preaching of St John the Baptist
0.1803560233751622;0.17405381522456034;0.16968813268110228;0.588622431019736;0.38798809089125463;0.3070557527493843;painting;religious;Italian;1551-1600;St Peter Walking on the Water
0.6039505525895184;0.45180438408994666;0.32890888650122757;0.2930334084022034;0.25196602420614767;0.22983480482566093;painting;other;Italian;1551-1600;Pearl Fishers
0.38913774022543607;0.32143394669117303;0.27456581305171796;0.6371460227759311;0.4597058385839527;0.2915695167938893;painting;mythological;Italian;1551-1600;Susanna and The Elders
0.6144330390158215;0.5344642951721178;0.4392188621746884;0.5203358063058058;0.3287510805084268;0.18868688812796128;painting;other;Italian;1551-1600;Fresco decoration (detail)
0.6700078365328823;0.5900600036646753;0.546231163285453;0.577375036746752;0.3740670564077932;0.2507074387759088;painting;other;Italian;1551-1600;Fresco decoration (detail)
0.3042317577148969;0.28826203028062103;0.24488151229124727;0.6659026275321839;0.475015630329569;0.3334206747153698;painting;mythological;Italian;1551-1600;Venus and Cupid
0.6361519913333528;0.40826476697002684;0.253651292468753;0.24091445438814435;0.19647069822025492;0.1811522379526049;painting;religious;Italian;1601-1650;Judith with the Head of Holofernes
0.5965272884728955;0.421422331542465;0.26393670482563103;0.12670677748803438;0.14036190654648145;0.1537506136484686;painting;religious;Italian;1601-1650;Judith with the Head of Holofernes
0.11368001560797772;0.12942261568373625;0.1309229347567199;0.4832765597430811;0.3645550987877735;0.24006225692515187;painting;mythological;Italian;1601-1650;Judith with the Head of Holofernes
0.20411426397839544;0.17811936642129306;0.14508694349987467;0.542701944567598;0.31854233630458384;0.16857893858322115;painting;mythological;Italian;1601-1650;Judith with the Head of Holofernes
0.23916683772580055;0.19402126682618254;0.15042712819512102;0.6719320569284071;0.42463775988612;0.2354877778501176;painting;mythological;Italian;1601-1650;Judith with the Head of Holofernes (detail)
0.1316091661643297;0.11059082587051447;0.10486248607085699;0.5217414311479593;0.3873568220753569;0.2465819547499314;painting;other;American;1801-1850;Uriel Standing in the Sun
0.5731397562746248;0.5052209983822006;0.37013227902381884;0.26120898991446373;0.29553126558263615;0.28479909417707167;painting;mythological;English;1851-1900;Reading from Homer
0.49092962227732034;0.3704407942929508;0.23179525560465836;0.1805892015679087;0.11061519671664843;0.10710588266359308;painting;historical;English;1851-1900;Tibullus at Delias House
0.21250110058038568;0.16757945717292255;0.17447180842017226;0.6086189527183491;0.48788611232332085;0.3700223029068783;painting;genre;English;1851-1900;Roman Art Lover
0.6824575440299405;0.5816143631065204;0.4459335052597833;0.4243477058705987;0.41807748496010855;0.3758177956878919;painting;historical;English;1851-1900;Women of Amphissa
0.5578776041615374;0.4909471512233347;0.3258240273397724;0.5711156245125854;0.5424752184732042;0.46226290479041215;painting;genre;English;1851-1900;On the Steps of the Capitol
0.4068894512829157;0.35291056962402645;0.34468828484391356;0.5452084030820176;0.43194810814080226;0.354856405263483;sculpture;religious;Spanish;1451-1500;Tomb of Martin Vázquez
0.0;0.6668484592943049;0.0;0.0;0.3077991663358318;0.0067715003306391035;sculpture;religious;Spanish;1451-1500;Tomb of Martin Vázquez (detail)
0.35008241594132206;0.33000372497841324;0.2205033252885582;0.3681447001293233;0.3768186285322614;0.3448689783313618;painting;landscape;Flemish;1601-1650;Extensive Wooded Landscape with Cephalus and Procris
0.39049012033631786;0.3733694407033283;0.2982428497051499;0.32060128667642296;0.3220726103591715;0.3131795316453072;painting;religious;Flemish;1601-1650;The Flight into Egypt
0.48820655926056017;0.4183850439958206;0.32810560188095056;0.3556332847345866;0.37869736947776805;0.3595046458036194;painting;landscape;Flemish;1601-1650;Skating during Carnival
0.43627381408482757;0.5072905554249505;0.5124219534535004;0.4680658277340403;0.40616435198353906;0.34289377314104;painting;landscape;Flemish;1601-1650;Winter Landscape
0.5162999888465827;0.444384242514478;0.3806919358712416;0.3885152520222083;0.4342174860035182;0.482755732618563;painting;landscape;Flemish;1601-1650;Winter Landscape in the Fôret de Soignes, with the Flight Into Egypt
0.4199735859796101;0.3783767641229976;0.2063665602449531;0.6343361791034857;0.651132495755272;0.6433286370589719;painting;landscape;Austrian;1801-1850;View of Vienna from the Prater
0.2884103934071653;0.2554498979569786;0.2285093293537253;0.5247594662074986;0.3656853062670976;0.26431035263594743;painting;landscape;German;1501-1550;Landscape with Satyr Family
0.347893868422926;0.2950063794603179;0.2735645007664188;0.41535241312072874;0.2929313826916837;0.21239201195675478;painting;landscape;German;1501-1550;Landscape with Path
0.31615425725774704;0.28460533155767687;0.22827060180079334;0.4719781425041624;0.5358375280825224;0.5888336926174481;painting;landscape;German;1501-1550;Danubian Landscape
0.33330355445403836;0.5445354312140879;0.5674664154323277;0.400235831574812;0.42109943344951356;0.2779462467075498;painting;mythological;German;1501-1550;Susanna in the Bath and the Stoning of the Elders
0.23050879795840207;0.2448077394144445;0.2872007666088684;0.4163561227079438;0.3149098484418762;0.2546232747673371;painting;historical;German;1501-1550;The Battle of Alexander
0.552943074583533;0.40878572825606646;0.27563179274468086;0.2858900310833172;0.24638276665646602;0.197368454063798;painting;historical;German;1501-1550;The Battle of Alexander (detail)
0.27154736156121334;0.23014131112432495;0.18439381136169844;0.5361687805256267;0.41333145400327964;0.278137385564956;painting;historical;German;1501-1550;The Battle of Alexander (detail)
0.5926983610376255;0.40155644852882094;0.27496175326359146;0.3693183490120686;0.29207845713512065;0.2641212946876581;painting;other;German;1501-1550;Lovers
0.24446454480260293;0.2084501746232792;0.19436693607394862;0.7082396374579543;0.5003496769511248;0.4059324732057751;painting;religious;German;1501-1550;Loth and his Daughters
0.5236936535452459;0.36085830619075476;0.23551049371392152;0.14364720869349973;0.11456075508257124;0.10406030666385868;painting;religious;German;1501-1550;Diptych
0.24526493609334904;0.1897305549533316;0.16373690679906444;0.48157641573876303;0.34970256682639567;0.24157412947703433;painting;religious;German;1501-1550;Saint George in the Forest
0.4113829700744188;0.41490666154437894;0.4324945132592312;0.5286169158363191;0.37473387210964204;0.30037479815899193;painting;religious;German;1501-1550;Rest on the Flight into Egypt
0.6180703135903362;0.4028394367656797;0.32459866014919553;0.3530863712428465;0.26577777188086177;0.24620907779763118;painting;religious;German;1501-1550;Rest on the Flight into Egypt (detail)
0.11985220603920427;0.09896253918700396;0.10030361659649939;0.5585332665968247;0.3928963186429436;0.27463845054166885;painting;religious;German;1501-1550;Nativity
0.4661887717893925;0.4383776452309408;0.40843436814599526;0.6152353215988428;0.44614464411429217;0.33232580205725093;painting;religious;German;1501-1550;Communion of the Apostles
0.690722602052024;0.38155505963206643;0.26813639705166664;0.19892786750900454;0.12124536347888595;0.10676166100593792;painting;religious;German;1501-1550;"""""""Schöne Maria"""""""
0.4464536401825843;0.3233873495034584;0.22438872100194562;0.2746952285643321;0.276314459236277;0.277010132446988;painting;religious;German;1501-1550;Christ on the Cross between Mary and St John
0.26462247903321423;0.20892800803849332;0.16146876669665752;0.5034614426863513;0.3808927007188419;0.23596247653572267;painting;religious;German;1501-1550;Christ on the Cross between Mary and St John (detail)
0.3771377182856763;0.28523054643806295;0.23964111697998386;0.6837117164289763;0.4969179067651937;0.309981007751919;painting;religious;German;1501-1550;Christ on the Cross
0.5593843018972338;0.32591239488743856;0.20254341427561112;0.3565071697864369;0.27065122118509477;0.233994940089576;painting;religious;German;1501-1550;Christ on the Cross (detail)
0.40554566391890123;0.34463280123094575;0.28517739614299625;0.8191464191905611;0.594659590163186;0.3552520755373921;painting;religious;German;1501-1550;Christ on the Cross (detail)
0.262874386229806;0.2603411530136793;0.2640875426895688;0.5205853911945736;0.3594675262874678;0.24225365819335692;painting;religious;German;1501-1550;Christ Taking Leave of His Mother
0.3287719186938068;0.2542532104848773;0.21378145551952693;0.576664766689478;0.2862119174381058;0.2006449604123457;painting;religious;German;1501-1550;Mary with the Child
0.3638307874098271;0.31658749307440676;0.2572812598519301;0.5737546871159352;0.39008917880694505;0.2680869757840424;painting;religious;German;1501-1550;The Birth of the Virgin
0.57387727167845;0.4473159627015884;0.3591865522667905;0.33788839535523646;0.3212015119807173;0.30902274795636264;painting;religious;German;1501-1550;Crucifixion
0.6281720833051128;0.38421608331058327;0.24980393603407663;0.1962836773886854;0.19871094699448377;0.18338861913059884;painting;portrait;German;1501-1550;Portrait of a Woman
0.5263173579890147;0.28862281283299035;0.18641889159026664;0.14360056000964622;0.11537592204546829;0.11790356598167323;painting;religious;German;1501-1550;Christ in the Garden of Gethsemane
0.18345887191041874;0.16904218928055037;0.16393935858899925;0.5979578050470334;0.41012735656794236;0.3016769079607203;painting;religious;German;1501-1550;The Arrest of Christ
0.3617241333590284;0.3288981505163765;0.28207806718281936;0.6572996414092334;0.40071126800193124;0.28622685586493896;painting;religious;German;1501-1550;The Flagellation of Christ
0.6147913750051001;0.3800198849608678;0.2442848265715633;0.24669416652096626;0.19551652880300086;0.15567613790891666;painting;religious;German;1501-1550;The Resurrection of Christ
0.6572907762113084;0.4008397952731865;0.2726513244258799;0.3741659979849043;0.3354095046208374;0.30325717942201674;painting;religious;German;1501-1550;The Entombment
0.36623451377184635;0.31043396625409425;0.2788850222273417;0.5761512842482784;0.38795654814648656;0.28117911214201596;painting;religious;German;1501-1550;St Florian Taking Leave of the Monastery
0.3846336876466427;0.39138556954636977;0.37214607723778687;0.540017005241662;0.3374064819039717;0.2480682826269206;painting;religious;German;1501-1550;The Martyrdom of St Florian
0.5823504756528525;0.38087389476548206;0.2797417350409233;0.5338245145359665;0.4304358662183905;0.37797321043049037;graphics;religious;German;1501-1550;The Beautiful Virgin of Regensburg
0.0;0.8947078401476022;0.0;0.0;0.3859956029158762;0.007111802840431791;graphics;landscape;German;1501-1550;Landscape
0.378127587712011;0.32912119276475094;0.2934826073676766;0.6371653933184269;0.5632241178047479;0.43610381983144314;graphics;landscape;German;1501-1550;Large Fir
0.6146263117629208;0.6146029359646384;0.6332805730278953;0.47397259945944975;0.47342697771588355;0.5146813503217655;graphics;religious;German;1501-1550;St George
0.722612824642509;0.620265772423238;0.5752199005702691;0.6699441580432359;0.5028648732997133;0.2832512290855665;metalwork;other;German;1551-1600;Cup and Cover
0.48523040067802686;0.3789663347730901;0.30286850109415253;0.29541500890633393;0.28683698052100887;0.27611831110707946;painting;other;Italian;1351-1400;View of the chapel
0.4334726200937215;0.38681236257992463;0.40448823588761557;0.534962672246302;0.43127991501738067;0.3891953959574288;painting;religious;Italian;1351-1400;View of the chapel
0.49156571421352374;0.4381457549472691;0.39613497545294946;0.4804852231955112;0.28744897456404406;0.18415120782768327;painting;religious;Italian;1351-1400;View of the chapel
0.29278631122013565;0.2739201223909709;0.26784119477968277;0.41618216086242377;0.34023381007966613;0.2290059776066185;painting;religious;Italian;1351-1400;View of the altar wall
0.36550995766637195;0.33559120199677445;0.3167107521613157;0.5325899780269714;0.6981853343004836;0.882357359332574;architecture;religious;Italian;1351-1400;Façade of the Oratory
0.4888433195354827;0.44335793929564127;0.4095404084744782;0.5857159456686751;0.4611914367846787;0.34616749453568035;painting;religious;Italian;1351-1400;Scenes on the entry wall
0.30298470750595424;0.2644067700147947;0.2738932818560759;0.5225353264892292;0.45315526881239926;0.35978261458768407;painting;religious;Italian;1351-1400;Adoration of the Magi
0.36655008894845775;0.34595613036055756;0.3206619529509445;0.5561537215553491;0.4588874382407076;0.34105495871504643;painting;religious;Italian;1351-1400;Adoration of the Magi (detail)
0.30826155372328484;0.3079574135038565;0.3016941930823958;0.5810106361819815;0.4838551596984136;0.37261916405895434;painting;religious;Italian;1351-1400;Crucifixion
0.5760332781500335;0.4310304647277839;0.344457644059021;0.4575139140000148;0.41789872126689814;0.4093777628261122;painting;religious;Italian;1351-1400;Two scenes on the northeast wall
0.6257456595306634;0.5221906735751296;0.39250640892213884;0.3855079589002815;0.3640209636346486;0.3315206953635065;painting;religious;Italian;1351-1400;St George Slays the Dragon
0.5745264315968374;0.46464884765155373;0.35429645915467495;0.5173717936760122;0.4816013494010904;0.4574354414010588;painting;religious;Italian;1351-1400;St George Baptizes the King and His Family (detail)
0.574946250001031;0.4711298176594481;0.3479633079356469;0.36968990482753156;0.35851078937426295;0.3285015506023342;painting;religious;Italian;1351-1400;The Beheading of St George
0.5531309679023176;0.43105311466739726;0.32481260773381465;0.4284099200193928;0.3866031154014136;0.37069422682601677;painting;religious;Italian;1351-1400;Two scenes on the southwest wall
0.455498541297717;0.4274974712912363;0.3920192900729816;0.6094685926439947;0.5001114080744791;0.3749884354858928;painting;religious;Italian;1351-1400;The Beheading of St Catherine
0.6381398660344393;0.5624866589495385;0.46441465043157465;0.647197221886483;0.5043852518607514;0.3528816810394218;painting;religious;Italian;1351-1400;The Funeral of St Lucy
0.6274815267221094;0.4697667558996917;0.4013802172662556;0.3855561966139849;0.3427230109277479;0.3556457646400879;painting;religious;Italian;1351-1400;The Funeral of St Lucy (detail)
0.27488948035119976;0.23831817913477032;0.2597760252039467;0.5520901731502529;0.447036504998151;0.3781702955128715;painting;religious;Italian;1351-1400;View of the Cappella di San Giacomo
0.4522083911489759;0.4085693908232522;0.40359727819914465;0.5575119500836684;0.4217237622201903;0.3417385222235851;painting;religious;Italian;1351-1400;Crucifixion
0.6672029938241298;0.4524112049222467;0.34016393331107203;0.44077467512970153;0.3289693594007541;0.2831013329974154;painting;religious;Italian;1351-1400;Crucifixion
0.5486808122904061;0.37176658030285775;0.2888278634651754;0.40221732319109904;0.3280596036291349;0.2855741834167513;painting;religious;Italian;1351-1400;Crucifixion (detail)
0.7355455307295521;0.5289232026216789;0.37801623605320667;0.47755803738112385;0.2948101689430252;0.24613122041850893;painting;religious;Italian;1351-1400;Scenes from the Life of St James
0.5316666020613068;0.42191438281226934;0.3146511691072128;0.48928602640220537;0.438215433084975;0.3758490346733814;painting;religious;Italian;1351-1400;King Ramiro Summons the Crown Council
0.38991525400821964;0.3098984387148407;0.2831465796020422;0.6185583340628662;0.45257423885916453;0.3752702953145105;painting;religious;Italian;1351-1400;Virgin Being Worshipped by Members of the Cavalli Family
0.10718778935120979;0.09792561449836484;0.07597577628982788;0.5321241335971885;0.3067339197869556;0.15262725837827498;painting;portrait;Italian;1551-1600;Alchitrof, Emperor of Ethiopia
0.11100158697254739;0.09684590375060159;0.09840565099440207;0.6634085079709848;0.39100115390508666;0.21830209681172774;painting;portrait;Italian;1551-1600;Portrait of Christopher Columbus
0.44393077229394684;0.23853842828634114;0.1352130586641285;0.15100766213897357;0.09942862851837678;0.09778816274234634;painting;religious;Italian;1651-1700;Adoration of the Shepherds
0.6503188644075174;0.4650826958117594;0.35293926636797807;0.3276104925150139;0.28780609965484816;0.2802258538110906;painting;mythological;Austrian;1701-1750;The Four Seasons Paying Homage to Chronos
0.6632745651129504;0.5681520811240748;0.32830147395502574;0.4606324065896548;0.48992123690340034;0.4009332549325734;painting;religious;Austrian;1651-1700;The Immaculate Conception
0.2498254940610572;0.1929727240083221;0.15770267960809495;0.5459353353671236;0.41032050862752106;0.23157560685864392;painting;religious;Austrian;1651-1700;Rest on the Flight to Egypt
0.36256505566920255;0.36957102656567836;0.32850744045967345;0.5118480464947555;0.5916105993100597;0.8344623616100008;architecture;other;Portuguese;1601-1650;Exterior view
0.37840036523880793;0.372089922076142;0.3507487010607221;0.4740362844761607;0.611663330081749;0.8389888257374942;architecture;other;Portuguese;1601-1650;Exterior view
0.008521561964431129;0.2176446867209973;0.012951100866770246;0.0;0.703072961517318;0.0;sculpture;mythological;Spanish;1801-1850;Apollo
0.0;0.6300514352936234;2.147651725511013e-05;0.00817228340249712;0.0895140450578695;0.0017173599678599915;sculpture;historical;Spanish;1801-1850;The Defence of Zaragoza
0.2019748841083906;0.17034854551782164;0.24590195047380625;0.5086244596282982;0.4642823223401525;0.4182189581055947;sculpture;portrait;Spanish;1801-1850;Isabel de Braganza, Queen of Spain
0.47521943883142875;0.4579359833188859;0.43115562170284405;0.21094483010181264;0.3475755145937443;0.535728704468128;architecture;other;Italian;1451-1500;Certosa: Façade
0.4550112633648142;0.6212879514975075;0.7654305339769757;0.6401756083033203;0.6270345715129616;0.5943887265318619;architecture;religious;Italian;1451-1500;Certosa: Façade
0.7905712099846943;0.7779884833270656;0.7595711268294415;0.7383229532501673;0.6907870531649353;0.6143069358252612;architecture;religious;Italian;1451-1500;Façade of the church (detail)
0.8028067081070195;0.8435636498748312;0.8839011838172331;0.49713480554970274;0.4617703873014372;0.4168443867607563;architecture;religious;Italian;1451-1500;Exterior
0.24763684878996073;0.223369736283631;0.22066522836189495;0.5224210891066102;0.3758579224473584;0.33153279978482153;painting;portrait;German;1501-1550;Christoph Fugger
0.6497530976287543;0.46150841533278536;0.33305391375958737;0.2780560682729447;0.22009153075554871;0.19692918405719523;painting;portrait;German;1501-1550;Goldsmith Jörg Zürer of Augsburg
0.7865851541357468;0.5597062093472905;0.40559346259179996;0.19301570356634312;0.16155873357487202;0.14248459376103623;painting;portrait;German;1501-1550;Portrait of the Cosmographer Sebastien Münster
0.1613548010814155;0.16842129343230708;0.1650076718505958;0.6680113477554906;0.5050102646511411;0.2655273412969187;painting;portrait;German;1501-1550;Portrait of Matthäus Schwarz
0.788158545884889;0.5948055801206937;0.31832361096640804;0.22561475404545006;0.20090667214984415;0.15594078174329812;painting;portrait;German;1501-1550;Portrait of Felicitas Seiler
0.1730820342105931;0.08902066108746282;0.0823096563200536;0.499981295473452;0.23990260254100487;0.09964926026171791;painting;portrait;German;1501-1550;Portrait of a Young Man
0.13996531312127525;0.08170702980717634;0.07535632943625886;0.5818172515958384;0.39003876066148535;0.17585650070515835;painting;portrait;German;1501-1550;Portrait of a Young Woman
0.7316694834996609;0.6559926109872889;0.5993830800092506;0.3226242001053902;0.3078730588183804;0.4414848978841863;illumination;other;Italian;1451-1500;Frontispiece
0.8829109401228693;0.8770472908325471;0.870155580932581;0.43136711169408587;0.3170237045043605;0.11665916980374264;sculpture;mythological;Italian;1851-1900;Venus
0.8889494368389642;0.8795198401892687;0.8708665125248047;0.455682588003208;0.34681467468583305;0.18732737676277209;sculpture;genre;Italian;1851-1900;The Wedded
0.11969888432149828;0.10881457930971672;0.09592983657880705;0.556704255942501;0.40768117556733807;0.22304500190616228;painting;portrait;Austrian;1801-1850;Rudolf von Arthaber with his Children
0.4465776588490698;0.27242418419120207;0.18343538156392214;0.21492761536793087;0.1660529964881411;0.1596218243685126;painting;portrait;Austrian;1801-1850;Emperor Franz I of Austria in his Coronation Robes
0.1807040233129402;0.14808358468523866;0.1627516208802254;0.5606958864463946;0.38368892150507705;0.3178379278557472;painting;portrait;Austrian;1801-1850;Likeness of a Girl
0.25370754552674;0.22738822072404868;0.1540702029937248;0.6394784666536879;0.5066884786041296;0.2936919979077037;painting;portrait;Austrian;1801-1850;Portrait of a Young Girl
0.27975389161027897;0.25812676904740733;0.23125326858560802;0.6237051479977467;0.46400115943000836;0.3469396072609719;painting;portrait;Austrian;1801-1850;Maiden with a Straw Hat
0.18107785696926024;0.1526559348672792;0.11713159519889793;0.6463697711417219;0.42067312333702284;0.22801852355118096;painting;portrait;Austrian;1801-1850;Girl in Yellow Hat
0.3028106899336452;0.25933807026379;0.24341700500714547;0.5233668435571154;0.35018384474211534;0.2832277498369644;painting;portrait;Austrian;1801-1850;Countess Nákó
0.35011281691844987;0.3111161126584281;0.28862906348246653;0.3992485849806665;0.27259143849625384;0.21001998613717449;painting;portrait;Austrian;1801-1850;Portrait of Princess Marie Franziska von Liechtenstein Aged Two
0.0888743227428681;0.05987289497329518;0.096293915251525;0.623837165899494;0.42953908985822764;0.3870555261407139;painting;portrait;Austrian;1801-1850;Self-Portrait
0.3927454529135244;0.3495690195364294;0.3184372128166069;0.6782534882156799;0.45091215325518436;0.34850870274564927;painting;portrait;Austrian;1801-1850;Portrait of Count István Széchenyi
0.22222830294642593;0.21570777745609154;0.17956891837248637;0.5127901282393159;0.38294003552226874;0.2528638207666147;painting;portrait;Italian;1501-1550;Portrait of a Gentleman with a Sword
0.23181365905290224;0.2312300562760204;0.1989271165344615;0.03959452958277934;0.19379652410497747;0.306314974309537;painting;portrait;Italian;1701-1750;Portrait of a Gentlemen in Blue Jacket
0.2695324817965037;0.23035973363218304;0.20294791681756724;0.5867204138688003;0.4030227830960893;0.28205563439725145;painting;religious;Italian;1701-1750;Joseph in the Pharaoh's Palace
0.6448881758741982;0.5332460440964235;0.3520200617017692;0.3797585339942611;0.3551673934985487;0.31543497825872346;painting;mythological;Italian;1701-1750;Juno Receiving the Head of Argos
0.18564411514952642;0.21561385696769858;0.2487599359564185;0.4269958603834292;0.3701880910544181;0.3431121124937992;painting;portrait;Italian;1701-1750;Portrait of a Lady
0.16698512622023481;0.13007281636273793;0.1601038350716638;0.4641487508933914;0.30433988900437364;0.24887599070180239;painting;mythological;Italian;1701-1750;Jael and Sisera
0.14410219744331915;0.12022785769751679;0.10304377958299549;0.35718829957854803;0.2600925139096204;0.15972122779241396;painting;mythological;Italian;1701-1750;Venus and Adonis
0.16644849767286354;0.08940372598926821;0.10319676313909418;0.6077105140894125;0.4269929922393952;0.281000369203364;painting;mythological;Italian;1701-1750;Venus and Adonis (detail)
0.42326789811690496;0.377253507455037;0.37948409743672146;0.6014256807247563;0.4206830100771967;0.306586586146254;painting;mythological;Italian;1701-1750;Venus and Adonis
0.26175264254822783;0.293120027679331;0.24200441836744346;0.5529751420279747;0.39532632352529795;0.24402181153121338;painting;mythological;Italian;1701-1750;Venus and Adonis
0.25126551054074536;0.2582058580156556;0.20175614778628664;0.6704418355126088;0.48381920747065693;0.3172430915939836;painting;mythological;Italian;1701-1750;Venus and Adonis (detail)
0.3595148940303656;0.29547308288426755;0.2087302977762524;0.3635088596454576;0.4129442823125281;0.41972487767822075;painting;mythological;Italian;1701-1750;Venus and Adonis
0.27149078349818095;0.3187565533302663;0.31126448564389564;0.39893012605908745;0.34152555188821;0.2347821976642716;painting;mythological;Italian;1701-1750;Bacchus and Ariadne
0.5645632292767454;0.41922811567322266;0.33203718531225496;0.13638875139434553;0.11623052350303989;0.12258826218499416;painting;religious;Italian;1701-1750;Virgin and Child
0.264937495886;0.26137868713209494;0.2159049849471375;0.5257061077253503;0.3479231411602478;0.18466296548088448;painting;mythological;Italian;1701-1750;Flora and Zephyr
0.42504750214726583;0.42878802982995984;0.46968910038294104;0.6305055148567431;0.6340431988240705;0.6451894285421147;graphics;other;Swiss;1551-1600;Papermaking (from the Book of Trades)
0.553533871691486;0.5571467749871766;0.5717843556148791;0.48606261345263196;0.4904492811828242;0.5315706088717144;graphics;other;Swiss;1551-1600;Casting type in hot metal (from the Book of Trades)
0.5992196059717237;0.6030915134970822;0.6171930410595912;0.5084556155155303;0.5146026728609061;0.5557360676757386;graphics;other;Swiss;1551-1600;Typesetting and inking (from the Book of Trades)
0.6047031913924114;0.6077107896595216;0.6201852611288733;0.4959671414830606;0.5042092523326075;0.5463870357291558;graphics;other;Swiss;1551-1600;Cutting a woodblock (from the Book of Trades)
0.4037903660135773;0.40487481415854043;0.44413420278103843;0.5257587451184363;0.5282920846614896;0.5421361301808985;graphics;other;Swiss;1551-1600;Bookbinding (from the Book of Trades)
0.7529364821682256;0.7422419874157676;0.7769403100508284;0.8144129694881093;0.7951201673439073;0.8496833839781082;sculpture;other;Italian;1551-1600;Falcon
0.6651409891371425;0.6517011661045481;0.6793683439563049;0.5851127995057126;0.5700399309524865;0.6214430133677221;sculpture;other;Italian;1551-1600;Owl
0.7019613300845131;0.6852532672263945;0.7394253592115327;0.3121615665218511;0.3049773501061742;0.3316570932986455;sculpture;mythological;Italian;1551-1600;Fountain of Juno (lower figures)
0.7092625752676506;0.6982826780178634;0.7413472696321218;0.34892439634128347;0.34109999809057157;0.35939555331336137;sculpture;mythological;Italian;1551-1600;Fountain of Juno (upper figures)
0.6073440923756623;0.607344092375662;0.6073440923756621;0.30427757488254;0.3042775748825401;0.30427757488254004;sculpture;mythological;Italian;1551-1600;Parnassus
0.43213917485548026;0.45538275639358233;0.46622181429278803;0.6371627378540867;0.5973177845187261;0.5146521930302421;sculpture;mythological;Italian;1551-1600;Leda with the Swan
0.4990686985173915;0.4847436101860078;0.511003134957366;0.7983664233812786;0.7675039996898032;0.8264743048185426;sculpture;mythological;Italian;1551-1600;Mars Gravidus
0.43213289703976243;0.4122987631690806;0.5622733426742175;0.5019361809635834;0.4381640070587068;0.4066000869340091;sculpture;mythological;Italian;1551-1600;Fountain of Neptune
0.5601513935936724;0.637035883175214;0.8314992473756236;0.3380603972949533;0.28018888735546654;0.2547287882324851;sculpture;mythological;Italian;1551-1600;Fountain of Neptune
0.511565281739092;0.4120358821953168;0.37053223601838803;0.4111244410720991;0.38280812847642537;0.38153789653408193;sculpture;mythological;Italian;1551-1600;Fountain of Neptune
0.61204423258893;0.5299859243945181;0.44033608630886006;0.45732435914352615;0.4572683127999803;0.4703571376322196;sculpture;mythological;Italian;1551-1600;The Fountain of Neptune
0.34202070167970355;0.3418408448796319;0.34290341772616545;0.5081720383013515;0.45856269467768757;0.43324122630195083;sculpture;mythological;Italian;1551-1600;Fountain of Neptune
0.513834320313392;0.4413167813536946;0.3884856472688598;0.3799775700775492;0.3883521302410954;0.4227491534645999;sculpture;mythological;Italian;1551-1600;The Fountain of Neptune (detail)
0.4532125385398755;0.4072180214503361;0.4061365887991174;0.7838085088866882;0.6288880905908083;0.5510412947323833;sculpture;mythological;Italian;1551-1600;The Fountain of Neptune (detail)
0.45157506951243903;0.39251619720576764;0.36856201604878214;0.6512207261824776;0.5652438513419757;0.4447094527065072;sculpture;mythological;Italian;1551-1600;Goddess Opi
0.8267115392408614;0.8133474297723463;0.8469252655191144;0.749704112444516;0.7331835705378661;0.7868411071501303;sculpture;mythological;Italian;1551-1600;Ops
0.6140339610146962;0.5998151547875387;0.6487844717256612;0.2989446744210036;0.28800564640798176;0.31339570517400506;sculpture;religious;Italian;1551-1600;Tomb of Giovanni Buoncampagni
